date,action,price_reward,MACD_reward,multiple_MACD_cross_reward,RSI_reward,MACD_cross_reward,current_MACD_cross_0,current_price,current_MACD_histrogram,total_reward,cash_balance,stock_owned,total_assets
2023-01-26,0,0.0,0,0,0,0.0,0.0,76.09811401367188,-0.24646306813647856,0.0,10000.0,0.0,10000.0
2023-01-27,1,0.007102698342386057,0,0,0,-0.01,0.0,76.09811401367188,-0.32090975611520234,-0.002897301657613943,31.147064208984375,131.0,10000.0
2023-01-30,0,-0.002061106499055659,0,0,0,0.0,0.0,76.6422348022461,-0.2556200585064876,-0.002061106499055659,31.147064208984375,131.0,10071.279823303223
2023-01-31,2,0.0,0,0,0,-0.01,0.0,76.48394012451172,-0.2067577753890748,-0.01,10050.54322052002,0.0,10050.54322052002
2023-02-01,0,0.0,0,0,0,0.0,0.0,78.05696105957031,-0.020931201623387075,0.0,10050.54322052002,0.0,10050.54322052002
2023-02-02,0,0.0,0,0,0,0.0,2.0,77.11710357666016,-0.033211995442177594,0.0,10050.54322052002,0.0,10050.54322052002
2023-02-03,0,0.0,0,0,0,0.0,0.0,78.44279479980469,0.0786707317771515,0.0,10050.54322052002,0.0,10050.54322052002
2023-02-06,0,0.0,0,0,0,0.0,-2.0,78.27461242675781,0.08674059552159857,0.0,10050.54322052002,0.0,10050.54322052002
2023-02-07,0,0.0,0,0,0,0.0,0.0,77.12701416015625,-0.030140266710402014,0.0,10050.54322052002,0.0,10050.54322052002
2023-02-08,0,0.0,0,0,0,0.0,0.0,76.84999084472656,-0.09681775081269145,0.0,10050.54322052002,0.0,10050.54322052002
2023-02-09,0,0.0,0,0,0,0.0,0.0,76.8104248046875,-0.1111442670838537,0.0,10050.54322052002,0.0,10050.54322052002
2023-02-10,0,0.0,0,0,0,0.0,2.0,76.75105285644531,-0.10354993920478531,0.0,10050.54322052002,0.0,10050.54322052002
2023-02-13,0,0.0,0,0,0,0.0,0.0,78.81873321533203,0.09474244481047381,0.0,10050.54322052002,0.0,10050.54322052002
2023-02-14,0,0.0,0,0,0,0.0,0.0,78.97702026367188,0.1622663833353529,0.0,10050.54322052002,0.0,10050.54322052002
2023-02-15,0,0.0,0,0,0,0.0,0.0,78.8385238647461,0.14153835730860925,0.0,10050.54322052002,0.0,10050.54322052002
2023-02-16,0,0.0,0,0,0,0.0,-2.0,78.47247314453125,0.07029834009502728,0.0,10050.54322052002,0.0,10050.54322052002
2023-02-17,0,0.0,0,0,0,0.0,0.0,77.52272033691406,-0.05788231240525993,0.0,10050.54322052002,0.0,10050.54322052002
2023-02-21,0,0.0,0,0,0,0.0,0.0,76.78074645996094,-0.16520509417994755,0.0,10050.54322052002,0.0,10050.54322052002
2023-02-22,0,0.0,0,0,0,0.0,0.0,75.91014862060547,-0.2539191905274403,0.0,10050.54322052002,0.0,10050.54322052002
2023-02-23,0,0.0,0,0,0,0.0,0.0,75.43527221679688,-0.2818005161144012,0.0,10050.54322052002,0.0,10050.54322052002
2023-02-24,0,0.0,0,0,0,0.0,0.0,76.1080093383789,-0.17936015275467965,0.0,10050.54322052002,0.0,10050.54322052002
2023-02-27,0,0.0,0,0,0,0.0,0.0,75.3165512084961,-0.17001809001687995,0.0,10050.54322052002,0.0,10050.54322052002
2023-02-28,0,0.0,0,0,0,0.0,0.0,76.43447875976562,-0.030115725859365117,0.0,10050.54322052002,0.0,10050.54322052002
2023-03-01,0,0.0,0,0,0,0.0,2.0,75.12858581542969,-0.07464211435261336,0.0,10050.54322052002,0.0,10050.54322052002
2023-03-02,0,0.0,0,0,0,0.0,0.0,76.16737365722656,0.023270020914696987,0.0,10050.54322052002,0.0,10050.54322052002
2023-03-03,0,0.0,0,0,0,0.0,0.0,77.43368530273438,0.17504441324715175,0.0,10050.54322052002,0.0,10050.54322052002
2023-03-06,0,0.0,0,0,0,0.0,0.0,77.78983306884766,0.2384755841631271,0.0,10050.54322052002,0.0,10050.54322052002
2023-03-07,0,0.0,0,0,0,0.0,-2.0,76.800537109375,0.1388451958066617,0.0,10050.54322052002,0.0,10050.54322052002
2023-03-08,0,0.0,0,0,0,0.0,0.0,74.65371704101562,-0.10427576527093854,0.0,10050.54322052002,0.0,10050.54322052002
2023-03-09,0,0.0,0,0,0,0.0,0.0,74.604248046875,-0.17496959833961634,0.0,10050.54322052002,0.0,10050.54322052002
2023-03-10,0,0.0,0,0,0,0.0,0.0,73.18953704833984,-0.28379091517604776,0.0,10050.54322052002,0.0,10050.54322052002
2023-03-13,0,0.0,0,0,0,0.0,0.0,72.34860229492188,-0.33326068421709,0.0,10050.54322052002,0.0,10050.54322052002
2023-03-14,0,0.0,0,0,0,0.0,0.0,72.57616424560547,-0.255017054636133,0.0,10050.54322052002,0.0,10050.54322052002
2023-03-15,0,0.0,0,0,0,0.0,2.0,72.20022583007812,-0.1914752752489085,0.0,10050.54322052002,0.0,10050.54322052002
2023-03-16,0,0.0,0,0,0,0.0,0.0,76.27619171142578,0.2399721634235995,0.0,10050.54322052002,0.0,10050.54322052002
2023-03-17,0,0.0,0,0,0,0.0,0.0,78.80885314941406,0.5928830309526163,0.0,10050.54322052002,0.0,10050.54322052002
2023-03-20,0,0.0,0,0,0,0.0,0.0,76.46416473388672,0.4258255367598852,0.0,10050.54322052002,0.0,10050.54322052002
2023-03-21,0,0.0,0,0,0,0.0,0.0,76.6323471069336,0.30619808992446296,0.0,10050.54322052002,0.0,10050.54322052002
2023-03-22,0,0.0,0,0,0,0.0,-2.0,76.43447875976562,0.18910311018580805,0.0,10050.54322052002,0.0,10050.54322052002
2023-03-23,0,0.0,0,0,0,0.0,0.0,75.10879516601562,-0.0057895490294180285,0.0,10050.54322052002,0.0,10050.54322052002
2023-03-24,0,0.0,0,0,0,0.0,0.0,73.99088287353516,-0.17635632507990942,0.0,10050.54322052002,0.0,10050.54322052002
2023-03-27,0,0.0,0,0,0,0.0,0.0,74.32723999023438,-0.17982371123594953,0.0,10050.54322052002,0.0,10050.54322052002
2023-03-28,0,0.0,0,0,0,0.0,0.0,74.99008178710938,-0.09036463531035385,0.0,10050.54322052002,0.0,10050.54322052002
2023-03-29,0,0.0,0,0,0,0.0,2.0,75.17804718017578,-0.022063778536260015,0.0,10050.54322052002,0.0,10050.54322052002
2023-03-30,0,0.0,0,0,0,0.0,0.0,75.07911682128906,0.001967555386553549,0.0,10050.54322052002,0.0,10050.54322052002
2023-03-31,0,0.0,0,0,0,0.0,0.0,75.25753021240234,0.029160982285828585,0.0,10050.54322052002,0.0,10050.54322052002
2023-04-03,0,0.0,0,0,0,0.0,0.0,76.25859069824219,0.12266878732561845,0.0,10050.54322052002,0.0,10050.54322052002
2023-04-04,0,0.0,0,0,0,0.0,0.0,76.5361099243164,0.15972315973894569,0.0,10050.54322052002,0.0,10050.54322052002
2023-04-05,0,0.0,0,0,0,0.0,-2.0,76.5063705444336,0.14044069669667206,0.0,10050.54322052002,0.0,10050.54322052002
2023-04-06,0,0.0,0,0,0,0.0,0.0,75.08903503417969,-0.017303677944479845,0.0,10050.54322052002,0.0,10050.54322052002
2023-04-10,0,0.0,0,0,0,0.0,0.0,75.27735900878906,-0.05967154509900857,0.0,10050.54322052002,0.0,10050.54322052002
2023-04-11,0,0.0,0,0,0,0.0,0.0,75.11876678466797,-0.08080872721007273,0.0,10050.54322052002,0.0,10050.54322052002
2023-04-12,0,0.0,0,0,0,0.0,2.0,75.7233657836914,-0.02361510008981535,0.0,10050.54322052002,0.0,10050.54322052002
2023-04-13,0,0.0,0,0,0,0.0,0.0,76.3874282836914,0.05756402563614403,0.0,10050.54322052002,0.0,10050.54322052002
2023-04-14,0,0.0,0,0,0,0.0,0.0,77.20016479492188,0.14477870840644563,0.0,10050.54322052002,0.0,10050.54322052002
2023-04-17,0,0.0,0,0,0,0.0,0.0,77.45787048339844,0.16860968497528106,0.0,10050.54322052002,0.0,10050.54322052002
2023-04-18,0,0.0,0,0,0,0.0,0.0,77.92371368408203,0.17996454925547656,0.0,10050.54322052002,0.0,10050.54322052002
2023-04-19,0,0.0,0,0,0,0.0,0.0,78.92475128173828,0.2276327196789416,0.0,10050.54322052002,0.0,10050.54322052002
2023-04-20,0,0.0,0,0,0,0.0,0.0,79.47979736328125,0.23813536086635745,0.0,10050.54322052002,0.0,10050.54322052002
2023-04-21,0,0.0,0,0,0,0.0,0.0,80.04475402832031,0.23006072436584812,0.0,10050.54322052002,0.0,10050.54322052002
2023-04-24,0,0.0,0,0,0,0.0,0.0,80.570068359375,0.20945791277544945,0.0,10050.54322052002,0.0,10050.54322052002
2023-04-25,0,0.0,0,0,0,0.0,-2.0,80.57997131347656,0.1403551721432854,0.0,10050.54322052002,0.0,10050.54322052002
2023-04-26,0,0.0,0,0,0,0.0,0.0,78.56793975830078,-0.1097537660780219,0.0,10050.54322052002,0.0,10050.54322052002
2023-04-27,0,0.0,0,0,0,0.0,0.0,76.75416564941406,-0.3626518596662678,0.0,10050.54322052002,0.0,10050.54322052002
2023-04-28,0,0.0,0,0,0,0.0,0.0,77.27944946289062,-0.36474458205799487,0.0,10050.54322052002,0.0,10050.54322052002
2023-05-01,0,0.0,0,0,0,0.0,0.0,78.14175415039062,-0.23948636618176533,0.0,10050.54322052002,0.0,10050.54322052002
2023-05-02,0,0.0,0,0,0,0.0,0.0,78.6274185180664,-0.11831500053418731,0.0,10050.54322052002,0.0,10050.54322052002
2023-05-03,0,0.0,0,0,0,0.0,0.0,77.4677734375,-0.15950116558056554,0.0,10050.54322052002,0.0,10050.54322052002
2023-05-04,0,0.0,0,0,0,0.0,0.0,78.181396484375,-0.08976223332828717,0.0,10050.54322052002,0.0,10050.54322052002
2023-05-05,0,0.0,0,0,0,0.0,2.0,77.67591857910156,-0.09482871056180521,0.0,10050.54322052002,0.0,10050.54322052002
2023-05-08,0,0.0,0,0,0,0.0,0.0,80.26280212402344,0.14014294869815772,0.0,10050.54322052002,0.0,10050.54322052002
2023-05-09,0,0.0,0,0,0,0.0,0.0,80.30244445800781,0.20046988164175855,0.0,10050.54322052002,0.0,10050.54322052002
2023-05-10,0,0.0,0,0,0,0.0,0.0,80.16368103027344,0.1672424842153517,0.0,10050.54322052002,0.0,10050.54322052002
2023-05-11,0,0.0,0,0,0,0.0,0.0,80.91696166992188,0.1793459897752322,0.0,10050.54322052002,0.0,10050.54322052002
2023-05-12,0,0.0,0,0,0,0.0,0.0,80.23306274414062,0.07981305529839289,0.0,10050.54322052002,0.0,10050.54322052002
2023-05-15,0,0.0,0,0,0,0.0,0.0,81.20439147949219,0.097719705214516,0.0,10050.54322052002,0.0,10050.54322052002
2023-05-16,0,0.0,0,0,0,0.0,0.0,82.19552612304688,0.15565376431620181,0.0,10050.54322052002,0.0,10050.54322052002
2023-05-17,0,0.0,0,0,0,0.0,0.0,82.07659149169922,0.12019720462611083,0.0,10050.54322052002,0.0,10050.54322052002
2023-05-18,0,0.0,0,0,0,0.0,-2.0,81.67022705078125,0.03020235153038131,0.0,10050.54322052002,0.0,10050.54322052002
2023-05-19,0,0.0,0,0,0,0.0,0.0,81.96755981445312,-0.0038408320960745534,0.0,10050.54322052002,0.0,10050.54322052002
2023-05-22,0,0.0,0,0,0,0.0,0.0,81.86844635009766,-0.045134861144530025,0.0,10050.54322052002,0.0,10050.54322052002
2023-05-23,0,0.0,0,0,0,0.0,0.0,80.6196060180664,-0.17948751707650235,0.0,10050.54322052002,0.0,10050.54322052002
2023-05-24,0,0.0,0,0,0,0.0,0.0,78.330078125,-0.41016771697559723,0.0,10050.54322052002,0.0,10050.54322052002
2023-05-25,0,0.0,0,0,0,0.0,0.0,76.0999984741211,-0.6230130850691292,0.0,10050.54322052002,0.0,10050.54322052002
2023-05-26,0,0.0,0,0,0,0.0,0.0,76.27840423583984,-0.5744683426996412,0.0,10050.54322052002,0.0,10050.54322052002
2023-05-30,1,0.0012909238787760105,0,0,0,-0.01,0.0,76.36761474609375,-0.4368872151568609,-0.008709076121223989,46.38568878173828,131.0,10050.54322052002
2023-05-31,2,0.0,0,0,0,-0.01,0.0,76.46672058105469,-0.2833262682949582,-0.01,10063.526084899902,0.0,10063.526084899902
2023-06-01,0,0.0,0,0,0,0.0,0.0,75.52513885498047,-0.2360495321749263,0.0,10063.526084899902,0.0,10063.526084899902
2023-06-02,0,0.0,0,0,0,0.0,2.0,75.60443115234375,-0.1449491337494493,0.0,10063.526084899902,0.0,10063.526084899902
2023-06-05,0,0.0,0,0,0,0.0,0.0,77.99308013916016,0.14620024055473957,0.0,10063.526084899902,0.0,10063.526084899902
2023-06-06,0,0.0,0,0,0,0.0,0.0,77.19026184082031,0.18260766142708817,0.0,10063.526084899902,0.0,10063.526084899902
2023-06-07,0,0.0,0,0,0,0.0,0.0,76.0008773803711,0.08278233790247991,0.0,10063.526084899902,0.0,10063.526084899902
2023-06-08,0,0.0,0,0,0,0.0,0.0,78.4787368774414,0.2638237939519872,0.0,10063.526084899902,0.0,10063.526084899902
2023-06-09,0,0.0,0,0,0,0.0,0.0,77.23981475830078,0.19263862542700383,0.0,10063.526084899902,0.0,10063.526084899902
2023-06-12,0,0.0,0,0,0,0.0,-2.0,75.76300811767578,0.01804783139394317,0.0,10063.526084899902,0.0,10063.526084899902
2023-06-13,0,0.0,0,0,0,0.0,2.0,75.70353698730469,-0.04198237883715872,0.0,10063.526084899902,0.0,10063.526084899902
2023-06-14,0,0.0,0,0,0,0.0,0.0,76.32795715332031,0.010156506979972169,0.0,10063.526084899902,0.0,10063.526084899902
2023-06-15,0,0.0,0,0,0,0.0,0.0,77.00194549560547,0.09821952888740659,0.0,10063.526084899902,0.0,10063.526084899902
2023-06-16,0,0.0,0,0,0,0.0,0.0,77.73538970947266,0.18715640578209553,0.0,10063.526084899902,0.0,10063.526084899902
2023-06-20,0,0.0,0,0,0,0.0,0.0,77.8245849609375,0.20216499913354388,0.0,10063.526084899902,0.0,10063.526084899902
2023-06-21,0,0.0,0,0,0,0.0,0.0,76.87307739257812,0.09481709110051223,0.0,10063.526084899902,0.0,10063.526084899902
2023-06-22,0,0.0,0,0,0,0.0,0.0,78.6274185180664,0.19218255872156254,0.0,10063.526084899902,0.0,10063.526084899902
2023-06-23,0,0.0,0,0,0,0.0,0.0,79.99519348144531,0.31099089815631253,0.0,10063.526084899902,0.0,10063.526084899902
2023-06-26,0,0.0,0,0,0,0.0,0.0,79.3509521484375,0.2388032609027435,0.0,10063.526084899902,0.0,10063.526084899902
2023-06-27,0,0.0,0,0,0,0.0,0.0,79.23202514648438,0.1505462605705683,0.0,10063.526084899902,0.0,10063.526084899902
2023-06-28,0,0.0,0,0,0,0.0,-2.0,79.6482925415039,0.11565237302078168,0.0,10063.526084899902,0.0,10063.526084899902
2023-06-29,0,0.0,0,0,0,0.0,0.0,78.31026458740234,-0.045628455839296644,0.0,10063.526084899902,0.0,10063.526084899902
2023-06-30,0,0.0,0,0,0,0.0,2.0,78.76998138427734,-0.06953505879821453,0.0,10063.526084899902,0.0,10063.526084899902
2023-07-03,0,0.0,0,0,0,0.0,0.0,80.19981384277344,0.04560380759198168,0.0,10063.526084899902,0.0,10063.526084899902
2023-07-05,0,0.0,0,0,0,0.0,0.0,80.9941635131836,0.1359280957784157,0.0,10063.526084899902,0.0,10063.526084899902
2023-07-06,0,0.0,0,0,0,0.0,-2.0,79.7132797241211,0.020818931921650186,0.0,10063.526084899902,0.0,10063.526084899902
2023-07-07,0,0.0,0,0,0,0.0,0.0,78.19407653808594,-0.1698501933159252,0.0,10063.526084899902,0.0,10063.526084899902
2023-07-10,0,0.0,0,0,0,0.0,0.0,77.80682373046875,-0.25423603811995105,0.0,10063.526084899902,0.0,10063.526084899902
2023-07-11,0,0.0,0,0,0,0.0,0.0,77.3897933959961,-0.2828256033365875,0.0,10063.526084899902,0.0,10063.526084899902
2023-07-12,0,0.0,0,0,0,0.0,0.0,77.79690551757812,-0.21052578070467803,0.0,10063.526084899902,0.0,10063.526084899902
2023-07-13,0,0.0,0,0,0,0.0,2.0,78.82955932617188,-0.05709399374367603,0.0,10063.526084899902,0.0,10063.526084899902
2023-07-14,0,0.0,0,0,0,0.0,0.0,79.86221313476562,0.09951842235329404,0.0,10063.526084899902,0.0,10063.526084899902
2023-07-17,0,0.0,0,0,0,0.0,0.0,80.01115417480469,0.1518013220621327,0.0,10063.526084899902,0.0,10063.526084899902
2023-07-18,0,0.0,0,0,0,0.0,0.0,79.20687103271484,0.07218619248494121,0.0,10063.526084899902,0.0,10063.526084899902
2023-07-19,0,0.0,0,0,0,0.0,0.0,79.84236145019531,0.08064756513913185,0.0,10063.526084899902,0.0,10063.526084899902
2023-07-20,0,0.0,0,0,0,0.0,0.0,80.1700210571289,0.09224178482190892,0.0,10063.526084899902,0.0,10063.526084899902
2023-07-21,0,0.0,0,0,0,0.0,0.0,79.95157623291016,0.05458967949668392,0.0,10063.526084899902,0.0,10063.526084899902
2023-07-24,0,0.0,0,0,0,0.0,0.0,80.85515594482422,0.1008913697812388,0.0,10063.526084899902,0.0,10063.526084899902
2023-07-25,0,0.0,0,0,0,0.0,0.0,81.659423828125,0.1595581757896818,0.0,10063.526084899902,0.0,10063.526084899902
2023-07-26,0,0.0,0,0,0,0.0,0.0,82.25520324707031,0.1917557185171278,0.0,10063.526084899902,0.0,10063.526084899902
2023-07-27,0,0.0,0,0,0,0.0,0.0,83.41693878173828,0.2538272611662442,0.0,10063.526084899902,0.0,10063.526084899902
2023-07-28,0,0.0,0,0,0,0.0,0.0,82.49351501464844,0.13285332518192838,0.0,10063.526084899902,0.0,10063.526084899902
2023-07-31,0,0.0,0,0,0,0.0,-2.0,82.4637222290039,0.040792031711613275,0.0,10063.526084899902,0.0,10063.526084899902
2023-08-01,0,0.0,0,0,0,0.0,0.0,81.70909118652344,-0.08690982005034009,0.0,10063.526084899902,0.0,10063.526084899902
2023-08-02,0,0.0,0,0,0,0.0,0.0,80.67642211914062,-0.22718280655298195,0.0,10063.526084899902,0.0,10063.526084899902
2023-08-03,0,0.0,0,0,0,0.0,0.0,79.52460479736328,-0.35338547810306,0.0,10063.526084899902,0.0,10063.526084899902
2023-08-04,0,0.0,0,0,0,0.0,0.0,80.32889556884766,-0.2783185261231527,0.0,10063.526084899902,0.0,10063.526084899902
2023-08-07,0,0.0,0,0,0,0.0,0.0,80.24945831298828,-0.21400134654790828,0.0,10063.526084899902,0.0,10063.526084899902
2023-08-08,0,0.0,0,0,0,0.0,0.0,81.07360076904297,-0.08424031424346519,0.0,10063.526084899902,0.0,10063.526084899902
2023-08-09,0,0.0,0,0,0,0.0,0.0,80.1799545288086,-0.0996063841466232,0.0,10063.526084899902,0.0,10063.526084899902
2023-08-10,0,0.0,0,0,0,0.0,0.0,80.59698486328125,-0.05155489697840086,0.0,10063.526084899902,0.0,10063.526084899902
2023-08-11,0,0.0,0,0,0,0.0,0.0,80.42818450927734,-0.03820916560231563,0.0,10063.526084899902,0.0,10063.526084899902
2023-08-14,1,-0.009588883868420377,0,0,0,-0.01,0.0,80.59698486328125,-0.010448245129345085,-0.01958888386842038,69.49996185302734,124.0,10063.526084899902
2023-08-15,0,-0.017822144996523345,0,0,0,0.0,0.0,79.82249450683594,-0.06306048964008035,-0.017822144996523345,69.49996185302734,124.0,9967.489280700684
2023-08-16,0,-0.006180600564064194,0,0,0,0.0,0.0,78.402587890625,-0.19004067532052638,-0.006180600564064194,69.49996185302734,124.0,9791.420860290527
2023-08-17,0,0.000505993019712427,0,0,0,0.0,0.0,77.91605377197266,-0.23842902992066078,0.000505993019712427,69.49996185302734,124.0,9731.090629577637
2023-08-18,0,0.0008848236402303455,0,0,0,0.0,0.0,77.95577239990234,-0.2002566653471709,0.0008848236402303455,69.49996185302734,124.0,9736.015739440918
2023-08-21,0,-0.003924629332596123,0,0,0,0.0,0.0,78.02527618408203,-0.13131942066333524,-0.003924629332596123,69.49996185302734,124.0,9744.6342086792
2023-08-22,0,-0.0008884021662279396,0,0,0,0.0,0.0,77.71746063232422,-0.09365902466600984,-0.0008884021662279396,69.49996185302734,124.0,9706.46508026123
2023-08-23,0,0.012616285760865759,0,0,0,0.0,2.0,77.64794921875,-0.05229638705703199,0.012616285760865759,69.49996185302734,124.0,9697.845664978027
2023-08-24,0,-0.013505282609673295,0,0,0,0.0,0.0,78.64089965820312,0.0749198430093112,-0.013505282609673295,69.49996185302734,124.0,9820.971519470215
2023-08-25,0,0.005702028347631673,0,0,0,0.0,0.0,77.57845306396484,0.03342706131519413,0.005702028347631673,69.49996185302734,124.0,9689.228141784668
2023-08-28,0,0.002271699956559383,0,0,0,0.0,0.0,78.02527618408203,0.06623153305905005,0.002271699956559383,69.49996185302734,124.0,9744.6342086792
2023-08-29,0,0.006408630938338553,0,0,0,0.0,0.0,78.2040023803711,0.09637639059907699,0.006408630938338553,69.49996185302734,124.0,9766.796257019043
2023-08-30,0,0.010714761359395388,0,0,0,0.0,0.0,78.71039581298828,0.14664274769170393,0.010714761359395388,69.49996185302734,124.0,9829.589042663574
2023-08-31,0,-0.00933787193125498,0,0,0,0.0,0.0,79.5643310546875,0.22266837926439598,-0.00933787193125498,69.49996185302734,124.0,9935.477012634277
2023-09-01,0,0.012307619354813946,0,0,0,0.0,0.0,78.81961822509766,0.1538406389998614,0.012307619354813946,69.49996185302734,124.0,9843.132621765137
2023-09-05,2,0.0,0,0,0,-0.01,0.0,79.8026351928711,0.18974179789825546,-0.01,9965.026725769043,0.0,9965.026725769043
2023-09-06,0,0.0,0,0,0,0.0,-2.0,78.82955932617188,0.0869043168685496,0.0,9965.026725769043,0.0,9965.026725769043
2023-09-07,0,0.0,0,0,0,0.0,0.0,77.63802337646484,-0.06857360268711588,0.0,9965.026725769043,0.0,9965.026725769043
2023-09-08,0,0.0,0,0,0,0.0,0.0,76.66494750976562,-0.1956215420508394,0.0,9965.026725769043,0.0,9965.026725769043
2023-09-11,0,0.0,0,0,0,0.0,0.0,75.88052368164062,-0.270045046608277,0.0,9965.026725769043,0.0,9965.026725769043
2023-09-12,0,0.0,0,0,0,0.0,0.0,76.97274780273438,-0.14650683503052614,0.0,9965.026725769043,0.0,9965.026725769043
2023-09-13,0,0.0,0,0,0,0.0,2.0,77.09191131591797,-0.053447693996636625,0.0,9965.026725769043,0.0,9965.026725769043
2023-09-14,0,0.0,0,0,0,0.0,0.0,77.44937133789062,0.03300042216426058,0.0,9965.026725769043,0.0,9965.026725769043
2023-09-15,0,0.0,0,0,0,0.0,0.0,79.33595275878906,0.23202338868898464,0.0,9965.026725769043,0.0,9965.026725769043
2023-09-18,0,0.0,0,0,0,0.0,0.0,79.31609344482422,0.2694601389637926,0.0,9965.026725769043,0.0,9965.026725769043
2023-09-19,0,0.0,0,0,0,0.0,0.0,78.62103271484375,0.17854159631302122,0.0,9965.026725769043,0.0,9965.026725769043
2023-09-20,0,0.0,0,0,0,0.0,-2.0,77.79690551757812,0.04282255290752131,0.0,9965.026725769043,0.0,9965.026725769043
2023-09-21,0,0.0,0,0,0,0.0,0.0,77.88626098632812,-0.007380414511798829,0.0,9965.026725769043,0.0,9965.026725769043
2023-09-22,1,0.0015652949447793098,0,0,0,-0.01,0.0,75.8110122680664,-0.20257027525353996,-0.00843470505522069,33.78411865234375,131.0,9965.026725769043
2023-09-25,2,0.0,0,0,0,-0.01,0.0,75.93017578125,-0.22456637503615012,-0.01,9980.637145996094,0.0,9980.637145996094
2023-09-26,0,0.0,0,0,0,0.0,0.0,76.33727264404297,-0.15064356576286742,0.0,9980.637145996094,0.0,9980.637145996094
2023-09-27,0,0.0,0,0,0,0.0,0.0,73.96414184570312,-0.29060691328031385,0.0,9980.637145996094,0.0,9980.637145996094
2023-09-28,0,0.0,0,0,0,0.0,0.0,73.38824462890625,-0.32521121571561473,0.0,9980.637145996094,0.0,9980.637145996094
2023-09-29,0,0.0,0,0,0,0.0,0.0,74.25474548339844,-0.18595385396937325,0.0,9980.637145996094,0.0,9980.637145996094
2023-10-02,0,0.0,0,0,0,0.0,0.0,74.02593994140625,-0.09868585161410282,0.0,9980.637145996094,0.0,9980.637145996094
2023-10-03,0,0.0,0,0,0,0.0,0.0,72.53367614746094,-0.15287382612977796,0.0,9980.637145996094,0.0,9980.637145996094
2023-10-04,1,-0.006118805112577893,0,0,0,-0.01,0.0,73.15047454833984,-0.06602084408979492,-0.01611880511257789,32.172607421875,136.0,9980.637145996094
2023-10-05,0,-0.004511165250790007,0,0,0,0.0,0.0,72.70280456542969,-0.03311724083741763,-0.004511165250790007,32.172607421875,136.0,9919.754028320312
2023-10-06,0,0.0013690969677091424,0,0,0,0.0,2.0,72.37450408935547,-0.015168633613967586,0.0013690969677091424,32.172607421875,136.0,9875.105163574219
2023-10-09,0,0.004913558146349463,0,0,0,0.0,0.0,72.47398376464844,0.0309773995390088,0.004913558146349463,32.172607421875,136.0,9888.634399414062
2023-10-10,0,-0.004503162836927555,0,0,0,0.0,0.0,72.8321304321289,0.100859922947937,-0.004503162836927555,32.172607421875,136.0,9937.342346191406
2023-10-11,0,0.0066791828534564475,0,0,0,0.0,0.0,72.50382995605469,0.10642662344504239,0.0066791828534564475,32.172607421875,136.0,9892.693481445312
2023-10-12,0,-0.014091980059602464,0,0,0,0.0,0.0,72.99130249023438,0.15555319266710033,-0.014091980059602464,32.172607421875,136.0,9958.98974609375
2023-10-13,0,-0.006219549474699921,0,0,0,0.0,0.0,71.96661376953125,0.0797051497106599,-0.006219549474699921,32.172607421875,136.0,9819.632080078125
2023-10-16,0,0.012400760148298143,0,0,0,0.0,0.0,71.51893615722656,0.01972654133195273,0.012400760148298143,32.172607421875,136.0,9758.747924804688
2023-10-17,0,-0.0064568246269289436,0,0,0,0.0,0.0,72.41429901123047,0.09114487788308423,-0.0064568246269289436,32.172607421875,136.0,9880.517272949219
2023-10-18,0,-0.019483579743239512,0,0,0,0.0,-2.0,71.94671630859375,0.07969334518706872,-0.019483579743239512,32.172607421875,136.0,9816.926025390625
2023-10-19,0,0.005186420040695942,0,0,0,0.0,0.0,70.55393981933594,-0.04074701891060695,0.005186420040695942,32.172607421875,136.0,9627.508422851562
2023-10-20,0,-0.0016792440724862207,0,0,0,0.0,0.0,70.92204284667969,-0.02799620293309546,-0.0016792440724862207,32.172607421875,136.0,9677.570434570312
2023-10-23,0,-0.00900300293383107,0,0,0,0.0,0.0,70.80265045166016,-0.009936198196964785,-0.00900300293383107,32.172607421875,136.0,9661.333068847656
2023-10-24,0,-0.015378929500375095,0,0,0,0.0,0.0,70.16595458984375,-0.03734738215496336,-0.015378929500375095,32.172607421875,136.0,9574.742431640625
2023-10-25,0,0.0041529274750181045,0,0,0,0.0,0.0,69.09152221679688,-0.11344996242128569,0.0041529274750181045,32.172607421875,136.0,9428.61962890625
2023-10-26,0,0.0008570772932919499,0,0,0,0.0,0.0,69.38003540039062,-0.07509562675656167,0.0008570772932919499,32.172607421875,136.0,9467.857421875
2023-10-27,0,-0.003575791983092109,0,0,0,0.0,2.0,69.43972778320312,-0.019971179438094455,-0.003575791983092109,32.172607421875,136.0,9475.9755859375
2023-10-30,0,0.020985264061020137,0,0,0,0.0,0.0,69.19102478027344,0.005305986182371214,0.020985264061020137,32.172607421875,136.0,9442.151977539062
2023-10-31,0,-0.0008422789339518453,0,0,0,0.0,0.0,70.66337585449219,0.16251156419168789,-0.0008422789339518453,32.172607421875,136.0,9642.391723632812
2023-11-01,0,0.009643318417372374,0,0,0,0.0,0.0,70.60368347167969,0.20597654149963696,0.009643318417372374,32.172607421875,136.0,9634.273559570312
2023-11-02,0,0.023777096781915388,0,0,0,0.0,0.0,71.29012298583984,0.2604445825045384,0.023777096781915388,32.172607421875,136.0,9727.629333496094
2023-11-03,0,0.012552014584863524,0,0,0,0.0,0.0,73.01119995117188,0.3936036033996461,0.012552014584863524,32.172607421875,136.0,9961.69580078125
2023-11-06,0,0.0,0,0,0,0.0,0.0,73.9364013671875,0.4571111562192023,0.0,32.172607421875,136.0,10087.523193359375
2023-11-07,0,-0.011194810227488076,0,0,0,0.0,0.0,73.9364013671875,0.3968609996017612,-0.011194810227488076,32.172607421875,136.0,10087.523193359375
2023-11-08,0,0.0040608031182802345,0,0,0,0.0,0.0,73.11067962646484,0.2247137510996482,0.0040608031182802345,32.172607421875,136.0,9975.225036621094
2023-11-09,0,-0.013463635208566457,0,0,0,0.0,-2.0,73.40913391113281,0.1350668380803035,-0.013463635208566457,32.172607421875,136.0,10015.814819335938
2023-11-10,0,-0.029455617133585597,0,0,0,0.0,0.0,72.42424011230469,-0.020380412651037627,-0.029455617133585597,32.172607421875,136.0,9881.869262695312
2023-11-13,0,-0.017209185057790923,0,0,0,0.0,0.0,70.315185546875,-0.26810605444332025,-0.017209185057790923,32.172607421875,136.0,9595.037841796875
2023-11-14,0,0.02002537247486874,0,0,0,0.0,0.0,69.11143493652344,-0.4232656541221774,0.02002537247486874,32.172607421875,136.0,9431.327758789062
2023-11-15,0,0.009376892978105301,0,0,0,0.0,0.0,70.51415252685547,-0.28623398438502456,0.009376892978105301,32.172607421875,136.0,9622.097351074219
2023-11-16,0,0.0012529533445195696,0,0,0,0.0,0.0,71.18069458007812,-0.124904067965212,0.0012529533445195696,32.172607421875,136.0,9712.7470703125
2023-11-17,0,0.001112313323169455,0,0,0,0.0,2.0,71.27023315429688,-0.031039991987264204,0.001112313323169455,32.172607421875,136.0,9724.92431640625
2023-11-20,0,-0.003062030806174476,0,0,0,0.0,0.0,71.34981536865234,0.02083686532955764,-0.003062030806174476,32.172607421875,136.0,9735.747497558594
2023-11-21,0,-0.007555827696664223,0,0,0,0.0,-2.0,71.13095092773438,0.022051850713714988,-0.007555827696664223,32.172607421875,136.0,9705.98193359375
2023-11-22,0,0.00042128725351987714,0,0,0,0.0,0.0,70.59374237060547,-0.023208517674065843,0.00042128725351987714,32.172607421875,136.0,9632.921569824219
2023-11-24,0,0.016706953354083395,0,0,0,0.0,2.0,70.62358856201172,-0.02842946500258675,0.016706953354083395,32.172607421875,136.0,9636.980651855469
2023-11-27,0,-0.03584215677173693,0,0,0,0.0,-2.0,71.81739044189453,0.08222737091709678,-0.03584215677173693,32.172607421875,136.0,9799.337707519531
2023-11-28,0,0.008691617928955236,0,0,0,0.0,0.0,69.28055572509766,-0.10553284745738489,0.008691617928955236,32.172607421875,136.0,9454.328186035156
2023-11-29,0,0.015065961928347485,0,0,0,0.0,2.0,69.88740539550781,-0.09801380769643647,0.015065961928347485,32.172607421875,136.0,9536.859741210938
2023-11-30,0,0.00945784238048499,0,0,0,0.0,0.0,70.95188903808594,0.02071610606050489,0.00945784238048499,32.172607421875,136.0,9681.629516601562
2023-12-01,0,0.03842823641168665,0,0,0,0.0,0.0,71.62837219238281,0.12538066380187463,0.03842823641168665,32.172607421875,136.0,9773.631225585938
2023-12-04,0,-0.003068604928282703,0,0,0,0.0,0.0,74.44376373291016,0.3873694291906373,-0.003068604928282703,32.172607421875,136.0,10156.524475097656
2023-12-05,0,-0.015214387207850321,0,0,0,0.0,0.0,74.21495056152344,0.39284348578023315,-0.015214387207850321,32.172607421875,136.0,10125.405883789062
2023-12-06,0,0.006760458860562756,0,0,0,0.0,0.0,73.09078979492188,0.21994670267798433,0.006760458860562756,32.172607421875,136.0,9972.52001953125
2023-12-07,0,-0.009613712502215222,0,0,0,0.0,0.0,73.58819580078125,0.14797725955614682,-0.009613712502215222,32.172607421875,136.0,10040.167236328125
2023-12-08,0,-0.005046845126572312,0,0,0,0.0,-2.0,72.88186645507812,0.02041501918762334,-0.005046845126572312,32.172607421875,136.0,9944.1064453125
2023-12-11,0,0.0019125882897814501,0,0,0,0.0,0.0,72.51377868652344,-0.07600109927323928,0.0019125882897814501,32.172607421875,136.0,9894.046508789062
2023-12-12,0,0.01153448379339828,0,0,0,0.0,0.0,72.6530532836914,-0.0989312003412876,0.01153448379339828,32.172607421875,136.0,9912.987854003906
2023-12-13,2,0.0,0,0,0,-0.01,2.0,73.49866485595703,-0.02859000634500114,-0.01,10027.991027832031,0.0,10027.991027832031
2023-12-14,1,0.025592259221489402,0,0,0,0.01,0.0,74.5134048461914,0.07834490529487392,0.035592259221489404,43.19477844238281,134.0,10027.991027832031
2023-12-15,0,-0.012386265903537051,0,0,0,0.0,0.0,76.45333862304688,0.25754099396997077,-0.012386265903537051,43.19477844238281,134.0,10287.942153930664
2023-12-18,0,0.0032744524706652444,0,0,0,0.0,0.0,75.50823974609375,0.17960658601488588,0.0032744524706652444,43.19477844238281,134.0,10161.298904418945
2023-12-19,0,0.02032196185725755,0,0,0,0.0,0.0,75.75695037841797,0.12060663766826374,0.02032196185725755,43.19477844238281,134.0,10194.62612915039
2023-12-20,0,-0.006169383679599038,0,0,0,0.0,0.0,77.31884765625,0.18974788155431033,-0.006169383679599038,43.19477844238281,134.0,10403.920364379883
2023-12-21,0,0.023949012436268097,0,0,0,0.0,0.0,76.84132385253906,0.1156387512825372,0.023949012436268097,43.19477844238281,134.0,10339.932174682617
2023-12-22,0,0.00439590152096725,0,0,0,0.0,0.0,78.71162414550781,0.2015705152266638,0.00439590152096725,43.19477844238281,134.0,10590.55241394043
2023-12-26,0,-0.00012533488001343257,0,0,0,0.0,0.0,79.059814453125,0.19710265105896418,-0.00012533488001343257,43.19477844238281,134.0,10637.209915161133
2023-12-27,0,0.00350326073974713,0,0,0,0.0,0.0,79.04986572265625,0.1263135178678989,0.00350326073974713,43.19477844238281,134.0,10635.87678527832
2023-12-28,0,-0.0038360895472844933,0,0,0,0.0,-2.0,79.32841491699219,0.06654075201450649,-0.0038360895472844933,43.19477844238281,134.0,10673.202377319336
2023-12-29,0,-0.0028932161833149276,0,0,0,0.0,0.0,79.02345275878906,-0.02955212262844631,-0.0028932161833149276,43.19477844238281,134.0,10632.337448120117
2024-01-02,2,0.0,0,0,0,-0.01,0.0,78.79421997070312,-0.1147560096950464,-0.01,10601.620254516602,0.0,10601.620254516602
2024-01-03,0,0.0,0,0,0,0.0,0.0,78.79421997070312,-0.15913584573557604,0.0,10601.620254516602,0.0,10601.620254516602
2024-01-04,0,0.0,0,0,0,0.0,0.0,78.59489440917969,-0.19503574720842454,0.0,10601.620254516602,0.0,10601.620254516602
2024-01-05,0,0.0,0,0,0,0.0,0.0,79.03341674804688,-0.16351630715909815,0.0,10601.620254516602,0.0,10601.620254516602
2024-01-08,0,0.0,0,0,0,0.0,0.0,78.36566162109375,-0.20504534130882845,0.0,10601.620254516602,0.0,10601.620254516602
2024-01-09,0,0.0,0,0,0,0.0,0.0,78.64472961425781,-0.1814462868366271,0.0,10601.620254516602,0.0,10601.620254516602
2024-01-10,0,0.0,0,0,0,0.0,0.0,78.21617889404297,-0.1958514701375491,0.0,10601.620254516602,0.0,10601.620254516602
2024-01-11,0,0.0,0,0,0,0.0,0.0,78.64472961425781,-0.14496692774363507,0.0,10601.620254516602,0.0,10601.620254516602
2024-01-12,0,0.0,0,0,0,0.0,0.0,76.80094146728516,-0.2716419488303821,0.0,10601.620254516602,0.0,10601.620254516602
2024-01-16,0,0.0,0,0,0,0.0,0.0,77.15972900390625,-0.247565960262633,0.0,10601.620254516602,0.0,10601.620254516602
2024-01-17,0,0.0,0,0,0,0.0,0.0,77.09993743896484,-0.20427221626567546,0.0,10601.620254516602,0.0,10601.620254516602
2024-01-18,0,0.0,0,0,0,0.0,0.0,75.71460723876953,-0.2719766323605691,0.0,10601.620254516602,0.0,10601.620254516602
2024-01-19,0,0.0,0,0,0,0.0,2.0,76.97037506103516,-0.1374764570226898,0.0,10601.620254516602,0.0,10601.620254516602
2024-01-22,0,0.0,0,0,0,0.0,0.0,78.2460708618164,0.05110044848254963,0.0,10601.620254516602,0.0,10601.620254516602
2024-01-23,0,0.0,0,0,0,0.0,0.0,77.89725494384766,0.08559724780473431,0.0,10601.620254516602,0.0,10601.620254516602
2024-01-24,0,0.0,0,0,0,0.0,0.0,77.77764892578125,0.07554690500477756,0.0,10601.620254516602,0.0,10601.620254516602
2024-01-25,0,0.0,0,0,0,0.0,0.0,77.67798614501953,0.05141326692151844,0.0,10601.620254516602,0.0,10601.620254516602
2024-01-26,1,-0.0029016111776046603,0,0,0,-0.01,0.0,78.56499481201172,0.11017281592115141,-0.01290161117760466,73.91094970703125,134.0,10601.620254516602
2024-01-29,0,0.007927836682925994,0,0,0,0.0,0.0,78.33576202392578,0.09135360925202494,0.007927836682925994,73.91094970703125,134.0,10570.903060913086
2024-01-30,0,0.0021284692754824997,0,0,0,0.0,0.0,78.96365356445312,0.11939217216298365,0.0021284692754824997,73.91094970703125,134.0,10655.04052734375
2024-01-31,0,0.013294071878766321,0,0,0,0.0,0.0,79.1330795288086,0.11836198693461836,0.013294071878766321,73.91094970703125,134.0,10677.743606567383
2024-02-01,0,0.032780426730074815,0,0,0,0.0,0.0,80.1994857788086,0.18179008280137482,0.032780426730074815,73.91094970703125,134.0,10820.642044067383
2024-02-02,0,0.0010744066211585278,0,0,0,0.0,0.0,82.8904037475586,0.3937814229251413,0.0010744066211585278,73.91094970703125,134.0,11181.225051879883
2024-02-05,0,-0.003466056721265778,0,0,0,0.0,0.0,82.9801025390625,0.3928843736767458,-0.003466056721265778,73.91094970703125,134.0,11193.244689941406
2024-02-06,0,0.015562485760570031,0,0,0,0.0,0.0,82.69107818603516,0.2750681064429159,0.015562485760570031,73.91094970703125,134.0,11154.515426635742
2024-02-07,0,0.01253402025266646,0,0,0,0.0,0.0,83.99667358398438,0.2676515473084151,0.01253402025266646,73.91094970703125,134.0,11329.465209960938
2024-02-08,0,0.0013959636060178107,0,0,0,0.0,0.0,85.06307220458984,0.27724953436740063,0.0013959636060178107,73.91094970703125,134.0,11472.36262512207
2024-02-09,0,-0.0018616884735319747,0,0,0,0.0,0.0,85.18267059326172,0.20569321415595487,-0.0018616884735319747,73.91094970703125,134.0,11488.388809204102
2024-02-12,0,-0.010890221447775133,0,0,0,0.0,-2.0,85.02320861816406,0.089898322267699,-0.010890221447775133,73.91094970703125,134.0,11467.020904541016
2024-02-13,0,-0.016980076278401233,0,0,0,0.0,0.0,84.0963363647461,-0.08859740774964364,-0.016980076278401233,73.91094970703125,134.0,11342.820022583008
2024-02-14,0,0.02109257453215151,0,0,0,0.0,0.0,82.671142578125,-0.29933650869401895,0.02109257453215151,73.91094970703125,134.0,11151.844055175781
2024-02-15,0,0.011657360426233663,0,0,0,0.0,0.0,84.4451675415039,-0.2049672143612682,0.011657360426233663,73.91094970703125,134.0,11389.563400268555
2024-02-16,0,-0.004064738728714426,0,0,0,0.0,0.0,85.44180297851562,-0.07875222440388097,-0.004064738728714426,73.91094970703125,134.0,11523.112548828125
2024-02-20,0,-0.006303855889477274,0,0,0,0.0,0.0,85.09297180175781,-0.077545956664679,-0.006303855889477274,73.91094970703125,134.0,11476.369171142578
2024-02-21,0,0.00735064585951501,0,0,0,0.0,0.0,84.55477905273438,-0.13744283166457216,0.00735064585951501,73.91094970703125,134.0,11404.251342773438
2024-02-22,0,0.009602368783386984,0,0,0,0.0,0.0,85.18267059326172,-0.10683472274324979,0.009602368783386984,73.91094970703125,134.0,11488.388809204102
2024-02-23,0,0.0025297208124513766,0,0,0,0.0,0.0,86.0098876953125,-0.02964756303277971,0.0025297208124513766,73.91094970703125,134.0,11599.235900878906
2024-02-26,0,0.0008035789615611775,0,0,0,0.0,0.0,86.22914123535156,-0.0008390360013195153,0.0008035789615611775,73.91094970703125,134.0,11628.61587524414
2024-02-27,0,-0.0061005303737672375,0,0,0,0.0,0.0,86.29890441894531,-0.007775788446747645,-0.0061005303737672375,73.91094970703125,134.0,11637.964141845703
2024-02-28,0,-0.013249248830710679,0,0,0,0.0,0.0,85.77068328857422,-0.07772652246277811,-0.013249248830710679,73.91094970703125,134.0,11567.182510375977
2024-02-29,0,0.0010524205691307138,0,0,0,0.0,0.0,84.634521484375,-0.20910286507140385,0.0010524205691307138,73.91094970703125,134.0,11414.936828613281
2024-03-01,0,0.014733638364618665,0,0,0,0.0,0.0,84.7242202758789,-0.2309619086127146,0.014733638364618665,73.91094970703125,134.0,11426.956466674805
2024-03-04,0,-0.00046073573719244645,0,0,0,0.0,0.0,85.98994445800781,-0.1040914188092994,-0.00046073573719244645,73.91094970703125,134.0,11596.563507080078
2024-03-05,0,0.001036511242996265,0,0,0,0.0,0.0,85.95008087158203,-0.05557856580074949,0.001036511242996265,73.91094970703125,134.0,11591.221786499023
2024-03-06,0,0.014738292876210231,0,0,0,0.0,2.0,86.03978729248047,-0.03254925739179049,0.014738292876210231,73.91094970703125,134.0,11603.242446899414
2024-03-07,0,0.026082070092352156,0,0,0,0.0,0.0,87.32544708251953,0.0800245783541711,0.026082070092352156,73.91094970703125,134.0,11775.520858764648
2024-03-08,0,-0.0027662464777497317,0,0,0,0.0,0.0,89.64761352539062,0.29281188382895285,-0.0027662464777497317,73.91094970703125,134.0,12086.691162109375
2024-03-11,0,-0.0005540159794237915,0,0,0,0.0,0.0,89.39844512939453,0.2790167063779232,-0.0005540159794237915,73.91094970703125,134.0,12053.302597045898
2024-03-12,0,0.010476609282356485,0,0,0,0.0,0.0,89.34862518310547,0.19699628387734958,0.010476609282356485,73.91094970703125,134.0,12046.626724243164
2024-03-13,0,0.008629383690370028,0,0,0,0.0,0.0,90.29542541503906,0.18685204563281,0.008629383690370028,73.91094970703125,134.0,12173.497955322266
2024-03-14,0,-0.017998013464067562,0,0,0,0.0,-2.0,91.08277130126952,0.18821496503524937,-0.017998013464067562,73.91094970703125,134.0,12279.002304077147
2024-03-15,0,-0.000775533090320861,0,0,0,0.0,0.0,89.44828796386719,-0.017098025039500975,-0.000775533090320861,73.91094970703125,134.0,12059.981536865234
2024-03-18,0,0.0021035239396790936,0,0,0,0.0,0.0,89.3785171508789,-0.12706287297877106,0.0021035239396790936,73.91094970703125,134.0,12050.632247924805
2024-03-19,0,-0.022253483214839807,0,0,0,0.0,0.0,89.56788635253906,-0.157966586628008,-0.022253483214839807,73.91094970703125,134.0,12076.007720947266
2024-03-20,0,0.02003915608199681,0,0,0,0.0,0.0,87.58456420898438,-0.33792902034391903,0.02003915608199681,73.91094970703125,134.0,11810.242553710938
2024-03-21,0,0.0036508838274440045,0,0,0,0.0,0.0,89.3685531616211,-0.21189834639084937,0.0036508838274440045,73.91094970703125,134.0,12049.297073364258
2024-03-22,0,-0.007982920516542685,0,0,0,0.0,0.0,89.69744110107422,-0.11735950041747323,-0.007982920516542685,73.91094970703125,134.0,12093.368057250977
2024-03-25,0,-0.02126338587564143,0,0,0,0.0,0.0,88.9798583984375,-0.13914889617149095,-0.02126338587564143,73.91094970703125,134.0,11997.211975097656
2024-03-26,0,-0.001479309805256524,0,0,0,0.0,0.0,87.0962142944336,-0.29743421921660035,-0.001479309805256524,73.91094970703125,134.0,11744.803665161133
2024-03-27,0,0.015168492074948985,0,0,0,0.0,0.0,86.9666519165039,-0.322228220293495,0.015168492074948985,73.91094970703125,134.0,11727.442306518555
2024-03-28,0,-0.003263288779395318,0,0,0,0.0,0.0,88.30429077148438,-0.1625108181181012,-0.003263288779395318,73.91094970703125,134.0,11906.685913085938
2024-04-01,0,-0.0031608478217856916,0,0,0,0.0,0.0,88.01480102539062,-0.10051258636352325,-0.0031608478217856916,73.91094970703125,134.0,11867.894287109375
2024-04-02,0,-0.009771454639900565,0,0,0,0.0,0.0,87.73529815673828,-0.08304852915322948,-0.009771454639900565,73.91094970703125,134.0,11830.440902709961
2024-04-03,0,0.005692697003607292,0,0,0,0.0,0.0,86.8768081665039,-0.13335193995456116,0.005692697003607292,73.91094970703125,134.0,11715.403244018555
2024-04-04,0,-0.006606511981182545,0,0,0,0.0,0.0,87.37593078613281,-0.08097147107768926,-0.006606511981182545,73.91094970703125,134.0,11782.285675048828
2024-04-05,0,0.006038707056654342,0,0,0,0.0,0.0,86.79695129394531,-0.09136426719421165,0.006038707056654342,73.91094970703125,134.0,11704.702423095703
2024-04-08,0,0.010396450591590278,0,0,0,0.0,2.0,87.32601928710938,-0.026483008449973977,0.010396450591590278,73.91094970703125,134.0,11775.597534179688
2024-04-09,0,0.009398870412997215,0,0,0,0.0,0.0,88.24440002441406,0.08819983892068592,0.009398870412997215,73.91094970703125,134.0,11898.660552978516
2024-04-10,0,-0.013002762061851662,0,0,0,0.0,0.0,89.08291625976562,0.1922955181091787,-0.013002762061851662,73.91094970703125,134.0,12011.021728515625
2024-04-11,0,-0.016265594444582105,0,0,0,0.0,-2.0,87.92496490478516,0.0995419871340131,-0.016265594444582105,73.91094970703125,134.0,11855.856246948242
2024-04-12,0,-0.0069043328064113535,0,0,0,0.0,0.0,86.49748229980469,-0.07359357547527431,-0.0069043328064113535,73.91094970703125,134.0,11664.57357788086
2024-04-15,0,-0.0061387261466873,0,0,0,0.0,0.0,85.8985366821289,-0.17294451382725967,-0.0061387261466873,73.91094970703125,134.0,11584.314865112305
2024-04-16,0,-0.014629153627229186,0,0,0,0.0,0.0,85.36946868896484,-0.218535184258021,-0.014629153627229186,73.91094970703125,134.0,11513.41975402832
2024-04-17,0,-0.004016419939892603,0,0,0,0.0,0.0,84.12166595458984,-0.2942273861848379,-0.004016419939892603,73.91094970703125,134.0,11346.21418762207
2024-04-18,0,0.00011841375045048847,0,0,0,0.0,0.0,83.78226470947266,-0.2847168947676375,0.00011841375045048847,73.91094970703125,134.0,11300.734420776367
2024-04-19,0,0.008719988835444354,0,0,0,0.0,0.0,83.79225158691406,-0.21101946893651102,0.008719988835444354,73.91094970703125,134.0,11302.072662353516
2024-04-22,0,0.02020916368186576,0,0,0,0.0,2.0,84.53094482421875,-0.06107286435619019,0.02020916368186576,73.91094970703125,134.0,11401.057556152344
2024-04-23,0,0.014836664492068753,0,0,0,0.0,0.0,86.26788330078125,0.17651544213325743,0.014836664492068753,73.91094970703125,134.0,11633.807312011719
2024-04-24,0,-0.06784242730134106,0,0,0,0.0,-2.0,87.56559753417969,0.3631000621382422,-0.06784242730134106,73.91094970703125,134.0,11807.70101928711
2024-04-25,0,0.0019378692208885712,0,0,0,0.0,0.0,81.7857894897461,-0.11513337151736613,0.0019378692208885712,73.91094970703125,134.0,11033.206741333008
2024-04-26,0,-0.004973386067394303,0,0,0,0.0,0.0,81.94550323486328,-0.24071726509940117,-0.004973386067394303,73.91094970703125,134.0,11054.608383178711
2024-04-29,0,-0.010144678239205292,0,0,0,0.0,0.0,81.5362319946289,-0.25904265136613014,-0.010144678239205292,73.91094970703125,134.0,10999.766036987305
2024-04-30,0,-0.030179666919461633,0,0,0,0.0,0.0,80.70768737792969,-0.2663843137397408,-0.030179666919461633,73.91094970703125,134.0,10888.74105834961
2024-05-01,0,-0.010948145432618957,0,0,0,0.0,0.0,78.29194641113281,-0.40006890591854516,-0.010948145432618957,73.91094970703125,134.0,10565.031768798828
2024-05-02,0,0.025153758126009246,0,0,0,0.0,0.0,77.43346405029297,-0.4161454788231824,0.025153758126009246,73.91094970703125,134.0,10449.995132446289
2024-05-03,2,0.0,0,0,0,-0.01,2.0,79.41996002197266,-0.13548238707196303,-0.01,10716.185592651367,0.0,10716.185592651367
2024-05-06,0,0.0,0,0,0,0.0,0.0,79.58966064453125,0.05026895365360917,0.0,10716.185592651367,0.0,10716.185592651367
2024-05-07,0,0.0,0,0,0,0.0,0.0,81.37650299072266,0.30558675885853015,0.0,10716.185592651367,0.0,10716.185592651367
2024-05-08,0,0.0,0,0,0,0.0,0.0,81.14691925048828,0.36278090497672566,0.0,10716.185592651367,0.0,10716.185592651367
2024-05-09,0,0.0,0,0,0,0.0,0.0,81.5262451171875,0.3831926281508087,0.0,10716.185592651367,0.0,10716.185592651367
2024-05-10,0,0.0,0,0,0,0.0,0.0,82.39471435546875,0.42209703053299263,0.0,10716.185592651367,0.0,10716.185592651367
2024-05-13,0,0.0,0,0,0,0.0,0.0,82.78402709960938,0.4128458122002069,0.0,10716.185592651367,0.0,10716.185592651367
2024-05-14,0,0.0,0,0,0,0.0,0.0,81.88561248779297,0.27044924700373607,0.0,10716.185592651367,0.0,10716.185592651367
2024-05-15,0,0.0,0,0,0,0.0,-2.0,81.09700012207031,0.1097115300965052,0.0,10716.185592651367,0.0,10716.185592651367
2024-05-16,0,0.0,0,0,0,0.0,2.0,80.62782287597656,-0.003307626476958536,0.0,10716.185592651367,0.0,10716.185592651367
2024-05-17,0,0.0,0,0,0,0.0,0.0,81.59612274169922,0.04476612786110623,0.0,10716.185592651367,0.0,10716.185592651367
2024-05-20,0,0.0,0,0,0,0.0,0.0,81.91555786132812,0.08703536224712519,0.0,10716.185592651367,0.0,10716.185592651367
2024-05-21,0,0.0,0,0,0,0.0,0.0,82.49453735351562,0.14040678955589042,0.0,10716.185592651367,0.0,10716.185592651367
2024-05-22,0,0.0,0,0,0,0.0,-2.0,81.06705474853516,0.013996679569597402,0.0,10716.185592651367,0.0,10716.185592651367
2024-05-23,0,0.0,0,0,0,0.0,0.0,80.14867401123047,-0.1123446182299426,0.0,10716.185592651367,0.0,10716.185592651367
2024-05-24,0,0.0,0,0,0,0.0,0.0,79.14044952392578,-0.2218374673645555,0.0,10716.185592651367,0.0,10716.185592651367
2024-05-28,0,0.0,0,0,0,0.0,0.0,79.68948364257812,-0.1683759232897014,0.0,10716.185592651367,0.0,10716.185592651367
2024-05-29,0,0.0,0,0,0,0.0,0.0,77.61314392089844,-0.28693788739545856,0.0,10716.185592651367,0.0,10716.185592651367
2024-05-30,0,0.0,0,0,0,0.0,0.0,76.38530731201172,-0.36998586128640953,0.0,10716.185592651367,0.0,10716.185592651367
2024-05-31,0,0.0,0,0,0,0.0,2.0,77.43346405029297,-0.22394741188670675,0.0,10716.185592651367,0.0,10716.185592651367
2024-06-03,0,0.0,0,0,0,0.0,0.0,79.2203140258789,0.04699076793551216,0.0,10716.185592651367,0.0,10716.185592651367
2024-06-04,0,0.0,0,0,0,0.0,-2.0,77.69300842285156,0.030314521648463932,0.0,10716.185592651367,0.0,10716.185592651367
2024-06-05,0,0.0,0,0,0,0.0,2.0,77.0641098022461,-0.012509704103646713,0.0,10716.185592651367,0.0,10716.185592651367
2024-06-06,0,0.0,0,0,0,0.0,0.0,77.75289916992188,0.055900496068976624,0.0,10716.185592651367,0.0,10716.185592651367
2024-06-07,0,0.0,0,0,0,0.0,0.0,78.3119125366211,0.14085009020422767,0.0,10716.185592651367,0.0,10716.185592651367
2024-06-10,0,0.0,0,0,0,0.0,-2.0,77.09406280517578,0.06201698186125548,0.0,10716.185592651367,0.0,10716.185592651367
2024-06-11,0,0.0,0,0,0,0.0,0.0,76.5949478149414,-0.0022301053305466834,0.0,10716.185592651367,0.0,10716.185592651367
2024-06-12,0,0.0,0,0,0,0.0,0.0,76.52507019042969,-0.012752625822180508,0.0,10716.185592651367,0.0,10716.185592651367
2024-06-13,0,0.0,0,0,0,0.0,0.0,76.3154296875,-0.013421301574389588,0.0,10716.185592651367,0.0,10716.185592651367
2024-06-14,0,0.0,0,0,0,0.0,2.0,76.05589294433594,-0.014407806220391617,0.0,10716.185592651367,0.0,10716.185592651367
2024-06-17,0,0.0,0,0,0,0.0,0.0,76.79458618164062,0.0704639030875106,0.0,10716.185592651367,0.0,10716.185592651367
2024-06-18,0,0.0,0,0,0,0.0,0.0,78.04238891601562,0.21412062411963073,0.0,10716.185592651367,0.0,10716.185592651367
2024-06-20,0,0.0,0,0,0,0.0,0.0,77.49335479736328,0.19606183053832676,0.0,10716.185592651367,0.0,10716.185592651367
2024-06-21,0,0.0,0,0,0,0.0,0.0,78.58143615722656,0.2589637240143448,0.0,10716.185592651367,0.0,10716.185592651367
2024-06-24,0,0.0,0,0,0,0.0,0.0,78.53152465820312,0.23853938724356522,0.0,10716.185592651367,0.0,10716.185592651367
2024-06-25,0,0.0,0,0,0,0.0,0.0,79.59963989257812,0.2831098012813428,0.0,10716.185592651367,0.0,10716.185592651367
2024-06-26,0,0.0,0,0,0,0.0,0.0,79.10051727294922,0.20459448150648227,0.0,10716.185592651367,0.0,10716.185592651367
2024-06-27,0,0.0,0,0,0,0.0,0.0,79.54973602294922,0.17291078974441626,0.0,10716.185592651367,0.0,10716.185592651367
2024-06-28,0,0.0,0,0,0,0.0,-2.0,78.83100128173828,0.06118735302020761,0.0,10716.185592651367,0.0,10716.185592651367
2024-07-01,0,0.0,0,0,0,0.0,0.0,78.7300033569336,-0.007923929003089247,0.0,10716.185592651367,0.0,10716.185592651367
2024-07-02,0,0.0,0,0,0,0.0,0.0,77.5,-0.14561246827776153,0.0,10716.185592651367,0.0,10716.185592651367
2024-07-03,0,0.0,0,0,0,0.0,2.0,78.86000061035156,-0.05938722893381809,0.0,10716.185592651367,0.0,10716.185592651367
2024-07-05,0,0.0,0,0,0,0.0,0.0,80.70999908447266,0.1365761067343566,0.0,10716.185592651367,0.0,10716.185592651367
2024-07-08,0,0.0,0,0,0,0.0,0.0,80.22000122070312,0.13485705210513804,0.0,10716.185592651367,0.0,10716.185592651367
2024-07-09,0,0.0,0,0,0,0.0,-2.0,79.93000030517578,0.07576955250281714,0.0,10716.185592651367,0.0,10716.185592651367
2024-07-10,0,0.0,0,0,0,0.0,2.0,78.45999908447266,-0.09616037438024572,0.0,10716.185592651367,0.0,10716.185592651367
2024-07-11,0,0.0,0,0,0,0.0,0.0,81.20999908447266,0.08461894551168503,0.0,10716.185592651367,0.0,10716.185592651367
2024-07-12,1,0.000835765410079884,0,0,0,-0.01,0.0,83.2699966430664,0.3019738371706675,-0.009164234589920116,57.62602233886719,128.0,10716.185592651367
2024-07-15,0,0.0023841243408722784,0,0,0,0.0,0.0,83.33999633789062,0.3182280583733069,0.0023841243408722784,57.62602233886719,128.0,10725.145553588867
2024-07-16,0,0.008653885774787,0,0,0,0.0,0.0,83.54000091552734,0.26363715399056353,0.008653885774787,57.62602233886719,128.0,10750.746139526367
2024-07-17,0,-0.004258252408058057,0,0,0,0.0,0.0,84.2699966430664,0.23394912316759675,-0.004258252408058057,57.62602233886719,128.0,10844.185592651367
2024-07-18,0,-0.007496059251107745,0,0,0,0.0,-2.0,83.91000366210938,0.1214936335915815,-0.007496059251107745,57.62602233886719,128.0,10798.106491088867
2024-07-19,0,0.003338480586117524,0,0,0,0.0,0.0,83.27999877929688,-0.026297587493662844,0.003338480586117524,57.62602233886719,128.0,10717.465866088867
2024-07-22,0,0.0007140057742924649,0,0,0,0.0,0.0,83.55999755859375,-0.08209752226792344,0.0007140057742924649,57.62602233886719,128.0,10753.305709838867
2024-07-23,0,-0.019579039894765907,0,0,0,0.0,0.0,83.62000274658203,-0.11159975267629463,-0.019579039894765907,57.62602233886719,128.0,10760.986373901367
2024-07-24,0,-0.011345019819109818,0,0,0,0.0,0.0,81.98999786376953,-0.2691792114324507,-0.011345019819109818,57.62602233886719,128.0,10552.345748901367
2024-07-25,0,-0.001350443266018161,0,0,0,0.0,0.0,81.05999755859375,-0.3811123085148619,-0.001350443266018161,57.62602233886719,128.0,10433.305709838867
2024-07-26,2,0.0,0,0,0,-0.01,0.0,80.94999694824219,-0.3796671539742784,-0.01,10419.225631713867,0.0,10419.225631713867
2024-07-29,0,0.0,0,0,0,0.0,0.0,82.2699966430664,-0.20806228159340862,0.0,10419.225631713867,0.0,10419.225631713867
2024-07-30,0,0.0,0,0,0,0.0,0.0,82.27999877929688,-0.11365716179712984,0.0,10419.225631713867,0.0,10419.225631713867
2024-07-31,0,0.0,0,0,0,0.0,2.0,82.12000274658203,-0.07728116814090752,0.0,10419.225631713867,0.0,10419.225631713867
2024-08-01,0,0.0,0,0,0,0.0,-2.0,83.81999969482422,0.09193487530789163,0.0,10419.225631713867,0.0,10419.225631713867
2024-08-02,0,0.0,0,0,0,0.0,0.0,80.37000274658203,-0.16336954147929136,0.0,10419.225631713867,0.0,10419.225631713867
2024-08-05,0,0.0,0,0,0,0.0,0.0,78.80999755859375,-0.3641031090883432,0.0,10419.225631713867,0.0,10419.225631713867
2024-08-06,0,0.0,0,0,0,0.0,0.0,77.05999755859375,-0.5190808612486653,0.0,10419.225631713867,0.0,10419.225631713867
2024-08-07,0,0.0,0,0,0,0.0,0.0,77.56999969482422,-0.42722835711805796,0.0,10419.225631713867,0.0,10419.225631713867
2024-08-08,0,0.0,0,0,0,0.0,0.0,77.37999725341797,-0.3142247093852628,0.0,10419.225631713867,0.0,10419.225631713867
2024-08-09,0,0.0,0,0,0,0.0,0.0,78.3499984741211,-0.10918670179208934,0.0,10419.225631713867,0.0,10419.225631713867
2024-08-12,0,0.0,0,0,0,0.0,0.0,77.77999877929688,-0.03738074467064578,0.0,10419.225631713867,0.0,10419.225631713867
2024-08-13,0,0.0,0,0,0,0.0,2.0,77.19999694824219,-0.027659965255133256,0.0,10419.225631713867,0.0,10419.225631713867
2024-08-14,0,0.0,0,0,0,0.0,0.0,77.55999755859375,0.03853147066132667,0.0,10419.225631713867,0.0,10419.225631713867
2024-08-15,0,0.0,0,0,0,0.0,0.0,78.02999877929688,0.12237932633085846,0.0,10419.225631713867,0.0,10419.225631713867
2024-08-16,0,0.0,0,0,0,0.0,0.0,79.38999938964844,0.27194245549266083,0.0,10419.225631713867,0.0,10419.225631713867
